{
  "_meta": {
    "capturedAt": "2026-05-29",
    "body": "Kerbin",
    "notes": "Suborbital Kerbin arc with a planted prograde node (\u0394V 300 m/s at apoapsis). No target."
  },
  "o.argumentOfPeriapsis": 185.804298723466,
  "o.trueAnomaly": 178.272189124686,
  "o.maneuverNodes": [
    {
      "epoch": 43301.21875,
      "period": 725.705339368524,
      "inclination": 7.48656558210146,
      "eccentricity": 0.803788750928158,
      "referenceBody": "Kerbin",
      "deltaV": [
        0,
        0,
        300
      ],
      "maae": 3.14362968912802,
      "argumentOfPeriapsis": 185.792710062224,
      "orbitPatches": [
        {
          "semiMinorAxis": 214864.957131339,
          "sma": 361169.27946205,
          "lan": 18.1447306307575,
          "argumentOfPeriapsis": 185.792710062224,
          "patchStartTransition": "MANEUVER",
          "closestEncounterBody": null,
          "eccentricAnomaly": 0.803788750928158,
          "epoch": 43301.21875,
          "maae": 3.14362968912802,
          "inclination": 7.48656558210146,
          "eccentricity": 0.803788750928158,
          "semiLatusRectum": 127826.347445211,
          "endUT": 44026.9240893685,
          "ApA": 51473.0834744739,
          "PeA": -529134.524550374,
          "referenceBody": "Kerbin",
          "patchEndTransition": "FINAL",
          "period": 725.705339368524,
          "startUT": 43301.21875
        }
      ],
      "PeA": -529134.524550374,
      "ApA": 51473.0834744739,
      "closestEncounterBody": null,
      "lan": 18.1447306307575,
      "sma": 361169.27946205,
      "UT": 43301.21875
    }
  ],
  "t.universalTime": 43274.2794794121,
  "o.PeR": 33805.5730715984,
  "a.physicsMode": "patched_conics",
  "o.referenceBody": "Kerbin",
  "o.inclination": 7.48670482007197,
  "o.sma": 342639.122959941,
  "o.lan": 18.1448066391876,
  "tar.name": "No Target Selected.",
  "o.radius": 648777.935284754,
  "dv.stages": [
    {
      "stageMass": 3.4995334148407,
      "thrustVac": 214.999984741211,
      "deltaVVac": 502.2119140625,
      "ispASL": 250,
      "burnTime": 7.55388927459717,
      "deltaVASL": 392.353057861328,
      "startMass": 3.4995334148407,
      "TWRVac": 6.26266574859619,
      "fuelMass": 0.557533442974091,
      "ispVac": 320,
      "TWRASL": 4.89270830154419,
      "deltaVActual": 502.191009521484,
      "dryMass": 2.94199991226196,
      "stage": 2,
      "thrustActual": 214.991027832031,
      "endMass": 2.98199987411499,
      "ispActual": 319.986663818359,
      "TWRActual": 6.26240491867065,
      "thrustASL": 167.96875
    },
    {
      "stageMass": 2.98199987411499,
      "thrustVac": 0,
      "deltaVVac": 0,
      "ispASL": 0,
      "burnTime": 0,
      "deltaVASL": 0,
      "startMass": 1.17999982833862,
      "TWRVac": 0,
      "fuelMass": 0.0400000624358654,
      "ispVac": 0,
      "TWRASL": 0,
      "deltaVActual": 0,
      "dryMass": 1.13999998569489,
      "stage": 1,
      "thrustActual": 0,
      "endMass": 1.17999982833862,
      "ispActual": 0,
      "TWRActual": 0,
      "thrustASL": 0
    },
    {
      "stageMass": 1.1800000667572,
      "thrustVac": 0,
      "deltaVVac": 0,
      "ispASL": 0,
      "burnTime": 0,
      "deltaVASL": 0,
      "startMass": 1.1800000667572,
      "TWRVac": 0,
      "fuelMass": 0.0400000028312206,
      "ispVac": 0,
      "TWRASL": 0,
      "deltaVActual": 0,
      "dryMass": 1.14000010490417,
      "stage": 0,
      "thrustActual": 0,
      "endMass": 1.1800000667572,
      "ispActual": 0,
      "TWRActual": 0,
      "thrustASL": 0
    }
  ],
  "o.ApR": 651472.672848284,
  "o.eccentricity": 0.901337673352758,
  "o.timeToPe": 362.078192770154,
  "o.timeToAp": 26.7890092605773,
  "o.ApA": 51472.672848284,
  "o.PeA": -566194.426928402,
  "o.orbitalSpeed": 761.5,
  "v.body": "Kerbin"
}
